{"stats":{"minecraft:crafted":{"minecraft:chest":1,"minecraft:oak_door":3,"minecraft:oak_planks":20,"minecraft:crafting_table":1},"minecraft:custom":{"minecraft:time_since_rest":3607,"minecraft:open_chest":12,"minecraft:crouch_one_cm":86,"minecraft:play_time":3607,"minecraft:sprint_one_cm":3327,"minecraft:walk_one_cm":2390,"minecraft:sneak_time":54,"minecraft:jump":46,"minecraft:leave_game":1,"minecraft:time_since_death":3607,"minecraft:total_world_time":3607,"minecraft:interact_with_crafting_table":2,"minecraft:fall_one_cm":1254,"minecraft:fly_one_cm":9075},"minecraft:used":{"minecraft:oak_door":1,"minecraft:crafting_table":1,"minecraft:chest":1},"minecraft:picked_up":{"minecraft:crafting_table":1,"minecraft:oak_door":1,"minecraft:oak_log":5,"minecraft:chest":1},"minecraft:mined":{"minecraft:grass":1,"minecraft:oak_log":5,"minecraft:chest":1,"minecraft:oak_door":1,"minecraft:crafting_table":1}},"DataVersion":3337}